{
  "traj_id": 4633,
  "missing_count": 53,
  "player": {
    "count": 45,
    "total_missing": 53,
    "evaluated_missing": 45,
    "unfilled_missing": 8,
    "mae": 445.3247911124095,
    "rmse": 713.8504031560324,
    "p75": 613.4429218096407,
    "p95": 1732.5551895054302
  },
  "baseline23_e5": {
    "count": 53,
    "total_missing": 53,
    "evaluated_missing": 53,
    "unfilled_missing": 0,
    "mae": 156.82611386659002,
    "rmse": 186.49312867836187,
    "p75": 239.85765814476943,
    "p95": 320.91103773224546
  },
  "baseline28_turncurve": {
    "count": 53,
    "total_missing": 53,
    "evaluated_missing": 53,
    "unfilled_missing": 0,
    "mae": 163.8976623183415,
    "rmse": 194.3425810438846,
    "p75": 235.90411247052623,
    "p95": 346.39142913272514
  },
  "delta_player_vs_b23_mae": 288.4986772458195,
  "delta_player_vs_b28_mae": 281.42712879406804,
  "gap_metrics": [
    {
      "gap_index": 0,
      "start_idx": 0,
      "end_idx": 16,
      "missing_count": 15,
      "delta_t_sec": 259.0,
      "mae_player": 1032.7968669422278,
      "mae_b23": 237.32900740844877,
      "mae_b28": 253.43514064101706
    },
    {
      "gap_index": 1,
      "start_idx": 16,
      "end_idx": 32,
      "missing_count": 15,
      "delta_t_sec": 258.0,
      "mae_player": 275.6577848731447,
      "mae_b23": 113.78312313557116,
      "mae_b28": 134.34287461358264
    },
    {
      "gap_index": 2,
      "start_idx": 32,
      "end_idx": 48,
      "missing_count": 15,
      "delta_t_sec": 243.0,
      "mae_player": 27.519721521856066,
      "mae_b23": 153.47127642807638,
      "mae_b28": 137.3270557311708
    },
    {
      "gap_index": 3,
      "start_idx": 48,
      "end_idx": 57,
      "missing_count": 8,
      "delta_t_sec": 129.0,
      "mae_player": NaN,
      "mae_b23": 92.87911629347806,
      "mae_b28": 101.25000476069256
    }
  ],
  "completion": {
    "total_missing": 53,
    "filled_missing": 45,
    "unfilled_missing": 8
  },
  "is_complete": false
}