{
  "saved_case_count": 38,
  "saved_case_ids": [
    90,
    145,
    169,
    205,
    341,
    662,
    1385,
    1443,
    3796,
    4633,
    5831,
    6084,
    6873,
    6963,
    7242,
    8085,
    8147,
    8762,
    8999,
    10663,
    11229,
    11441,
    11895,
    12283,
    12559,
    12947,
    13350,
    13686,
    13874,
    14085,
    14106,
    14632,
    14748,
    15441,
    15760,
    15923,
    16279,
    16518
  ],
  "player_mae_mean": 384.8400206553333,
  "baseline23_mae_mean": 145.92024542994167,
  "baseline28_mae_mean": 140.6830012078959,
  "current_case_index": 39,
  "total_cases": 40
}