{
  "saved_case_count": 38,
  "saved_case_ids": [
    524,
    1479,
    1696,
    1889,
    2448,
    2502,
    3234,
    3394,
    4906,
    4967,
    5367,
    5750,
    5857,
    6046,
    6197,
    6824,
    7088,
    7426,
    7453,
    8066,
    8287,
    8999,
    9021,
    9145,
    10823,
    10948,
    11235,
    11432,
    12296,
    12415,
    12575,
    13476,
    13603,
    13967,
    14417,
    15289,
    15653,
    16539
  ],
  "player_mae_mean": 208.0480133641761,
  "baseline23_mae_mean": 83.52781364866075,
  "baseline28_mae_mean": 80.70160141247482,
  "current_case_index": 39,
  "total_cases": 40
}