{
  "traj_id": 6084,
  "missing_count": 53,
  "player": {
    "count": 38,
    "total_missing": 53,
    "evaluated_missing": 38,
    "unfilled_missing": 15,
    "mae": 213.07389195403152,
    "rmse": 253.8109722306227,
    "p75": 316.0594343908858,
    "p95": 399.9673585157622
  },
  "baseline23_e5": {
    "count": 53,
    "total_missing": 53,
    "evaluated_missing": 53,
    "unfilled_missing": 0,
    "mae": 147.312652825433,
    "rmse": 167.06076815896046,
    "p75": 199.19639580334047,
    "p95": 281.4399134354737
  },
  "baseline28_turncurve": {
    "count": 53,
    "total_missing": 53,
    "evaluated_missing": 53,
    "unfilled_missing": 0,
    "mae": 155.13428596311428,
    "rmse": 171.80838762963202,
    "p75": 206.39857219516318,
    "p95": 274.7293269028769
  },
  "delta_player_vs_b23_mae": 65.76123912859853,
  "delta_player_vs_b28_mae": 57.939605990917244,
  "gap_metrics": [
    {
      "gap_index": 0,
      "start_idx": 0,
      "end_idx": 16,
      "missing_count": 15,
      "delta_t_sec": 255.0,
      "mae_player": 257.66059223695294,
      "mae_b23": 192.40878960527888,
      "mae_b28": 207.76018346582745
    },
    {
      "gap_index": 1,
      "start_idx": 16,
      "end_idx": 32,
      "missing_count": 15,
      "delta_t_sec": 240.0,
      "mae_player": 149.73587584074554,
      "mae_b23": 91.33235789319184,
      "mae_b28": 102.3621328676878
    },
    {
      "gap_index": 2,
      "start_idx": 32,
      "end_idx": 48,
      "missing_count": 15,
      "delta_t_sec": 246.0,
      "mae_player": NaN,
      "mae_b23": 179.87696599763407,
      "mae_b28": 172.21245229051902
    },
    {
      "gap_index": 3,
      "start_idx": 48,
      "end_idx": 57,
      "missing_count": 8,
      "delta_t_sec": 143.0,
      "mae_player": 248.23260913596505,
      "mae_b23": 106.6623621632969,
      "mae_b28": 123.38695333556761
    }
  ],
  "completion": {
    "total_missing": 53,
    "filled_missing": 38,
    "unfilled_missing": 15
  },
  "is_complete": false
}