{
  "frameworkA_index_aligned_missing_points": {
    "description": "按缺失索引位点逐点比较（未填点会被计为未评估并显著影响结果）",
    "overall": {
      "case_count": 76,
      "missing_points_total": 5481,
      "player_mae_case_mean_m": 296.45039830812925,
      "player_rmse_case_mean_m": 375.985682191135,
      "b23_mae_case_mean_m": 114.7240295393012,
      "b23_rmse_case_mean_m": 148.30303333910135,
      "b28_mae_case_mean_m": 110.69230131018537,
      "b28_rmse_case_mean_m": 142.42976939699906,
      "player_mae_weighted_m": 308.73057342135684,
      "player_rmse_weighted_m": 429.46910455871404,
      "b23_mae_weighted_m": 117.06601694298713,
      "b23_rmse_weighted_m": 162.6945616497629,
      "b28_mae_weighted_m": 112.95208790543586,
      "b28_rmse_weighted_m": 157.7630137354094,
      "delta_player_minus_b23_mae_case_mean_m": 181.72636876882808,
      "delta_player_minus_b28_mae_case_mean_m": 185.7580969979439,
      "win_rate_vs_b23": 0.013157894736842105,
      "win_rate_vs_b28": 0.0
    },
    "by_dataset": {
      "8": {
        "case_count": 38,
        "missing_points_total": 2430,
        "player_mae_case_mean_m": 208.04226115105698,
        "player_rmse_case_mean_m": 263.46923764460917,
        "b23_mae_case_mean_m": 83.52781364866075,
        "b23_rmse_case_mean_m": 110.0550799739474,
        "b28_mae_case_mean_m": 80.70160141247482,
        "b28_rmse_case_mean_m": 105.03558203995503,
        "player_mae_weighted_m": 206.4826180595995,
        "player_rmse_weighted_m": 272.7985381565939,
        "b23_mae_weighted_m": 81.85135124126856,
        "b23_rmse_weighted_m": 110.60930194226694,
        "b28_mae_weighted_m": 79.12164353951529,
        "b28_rmse_weighted_m": 106.01527543095534,
        "delta_player_minus_b23_mae_case_mean_m": 124.51444750239615,
        "delta_player_minus_b28_mae_case_mean_m": 127.34065973858208,
        "win_rate_vs_b23": 0.02631578947368421,
        "win_rate_vs_b28": 0.0
      },
      "16": {
        "case_count": 38,
        "missing_points_total": 3051,
        "player_mae_case_mean_m": 384.85853546520156,
        "player_rmse_case_mean_m": 488.5021267376608,
        "b23_mae_case_mean_m": 145.92024542994167,
        "b23_rmse_case_mean_m": 186.55098670425525,
        "b28_mae_case_mean_m": 140.6830012078959,
        "b28_rmse_case_mean_m": 179.8239567540431,
        "player_mae_weighted_m": 390.16699804576535,
        "player_rmse_weighted_m": 521.6071121010798,
        "b23_mae_weighted_m": 145.11309582046215,
        "b23_rmse_weighted_m": 194.44076943298077,
        "b28_mae_weighted_m": 139.89668961280617,
        "b28_rmse_weighted_m": 189.1052460128199,
        "delta_player_minus_b23_mae_case_mean_m": 238.93829003525997,
        "delta_player_minus_b28_mae_case_mean_m": 244.17553425730574,
        "win_rate_vs_b23": 0.0,
        "win_rate_vs_b28": 0.0
      }
    }
  },
  "frameworkB_point_to_polyline_nearest": {
    "description": "每个GT缺失点到整条预测轨迹的最小距离（弱化时间对齐影响）",
    "overall": {
      "case_count": 76,
      "missing_points_total": 5481,
      "player_mae_case_mean_m": 18.79065937960224,
      "player_rmse_case_mean_m": 40.16754069095413,
      "b23_mae_case_mean_m": 30.16240154269159,
      "b23_rmse_case_mean_m": 59.08045146428106,
      "b28_mae_case_mean_m": 26.927072098276902,
      "b28_rmse_case_mean_m": 52.418553930507684,
      "player_mae_weighted_m": 20.329504430352884,
      "player_rmse_weighted_m": 58.336662807912745,
      "b23_mae_weighted_m": 30.813329766722706,
      "b23_rmse_weighted_m": 76.38796314762432,
      "b28_mae_weighted_m": 27.190859630764958,
      "b28_rmse_weighted_m": 65.83669061276855,
      "delta_player_minus_b23_mae_case_mean_m": -11.371742163089356,
      "delta_player_minus_b28_mae_case_mean_m": -8.136412718674666,
      "win_rate_vs_b23": 0.7631578947368421,
      "win_rate_vs_b28": 0.7105263157894737
    },
    "by_dataset": {
      "8": {
        "case_count": 38,
        "missing_points_total": 2430,
        "player_mae_case_mean_m": 13.798674250718648,
        "player_rmse_case_mean_m": 31.5827743324675,
        "b23_mae_case_mean_m": 20.210995333639104,
        "b23_rmse_case_mean_m": 41.037969304970304,
        "b28_mae_case_mean_m": 19.45300719715481,
        "b28_rmse_case_mean_m": 38.891596982377706,
        "player_mae_weighted_m": 13.858939880314262,
        "player_rmse_weighted_m": 42.2926585163297,
        "b23_mae_weighted_m": 19.121696928586235,
        "b23_rmse_weighted_m": 47.689954224040456,
        "b28_mae_weighted_m": 18.382997664371192,
        "b28_rmse_weighted_m": 43.965625960387555,
        "delta_player_minus_b23_mae_case_mean_m": -6.41232108292046,
        "delta_player_minus_b28_mae_case_mean_m": -5.654332946436159,
        "win_rate_vs_b23": 0.8157894736842105,
        "win_rate_vs_b28": 0.7894736842105263
      },
      "16": {
        "case_count": 38,
        "missing_points_total": 3051,
        "player_mae_case_mean_m": 23.782644508485827,
        "player_rmse_case_mean_m": 48.75230704944077,
        "b23_mae_case_mean_m": 40.1138077517441,
        "b23_rmse_case_mean_m": 77.12293362359182,
        "b28_mae_case_mean_m": 34.40113699939901,
        "b28_rmse_case_mean_m": 65.94551087863768,
        "player_mae_weighted_m": 25.48305141710932,
        "player_rmse_weighted_m": 68.47663107624638,
        "b23_mae_weighted_m": 40.12524972630041,
        "b23_rmse_weighted_m": 93.11899749425649,
        "b28_mae_weighted_m": 34.20597093143257,
        "b28_rmse_weighted_m": 79.03900189442837,
        "delta_player_minus_b23_mae_case_mean_m": -16.33116324325826,
        "delta_player_minus_b28_mae_case_mean_m": -10.618492490913175,
        "win_rate_vs_b23": 0.7105263157894737,
        "win_rate_vs_b28": 0.631578947368421
      }
    }
  },
  "frameworkC_uniform_resample_then_point_distance": {
    "description": "在每个gap内用已知点锚定并对预测轨迹均匀重采样到missing_count，再逐点比较",
    "overall": {
      "case_count": 76,
      "missing_points_total": 5481,
      "player_mae_case_mean_m": 109.35996190100678,
      "player_rmse_case_mean_m": 142.49059078202868,
      "b23_mae_case_mean_m": 117.33732114769428,
      "b23_rmse_case_mean_m": 151.28887418976146,
      "b28_mae_case_mean_m": 113.17361895920213,
      "b28_rmse_case_mean_m": 145.12311635265306,
      "player_mae_weighted_m": 111.69127797886532,
      "player_rmse_weighted_m": 156.52699879663697,
      "b23_mae_weighted_m": 119.60878309608782,
      "b23_rmse_weighted_m": 166.04772575580415,
      "b28_mae_weighted_m": 115.16406630644478,
      "b28_rmse_weighted_m": 157.69159661249918,
      "delta_player_minus_b23_mae_case_mean_m": -7.977359246687493,
      "delta_player_minus_b28_mae_case_mean_m": -3.8136570581953144,
      "win_rate_vs_b23": 0.6842105263157895,
      "win_rate_vs_b28": 0.5921052631578947
    },
    "by_dataset": {
      "8": {
        "case_count": 38,
        "missing_points_total": 2430,
        "player_mae_case_mean_m": 83.09391578483184,
        "player_rmse_case_mean_m": 110.0812126455632,
        "b23_mae_case_mean_m": 85.08717333968895,
        "b23_rmse_case_mean_m": 111.22574467834035,
        "b28_mae_case_mean_m": 83.53921335440837,
        "b28_rmse_case_mean_m": 108.92447715604185,
        "player_mae_weighted_m": 82.9524491873223,
        "player_rmse_weighted_m": 114.54607927388066,
        "b23_mae_weighted_m": 83.80202919199299,
        "b23_rmse_weighted_m": 112.07448364051022,
        "b28_mae_weighted_m": 82.51183359376668,
        "b28_rmse_weighted_m": 110.09158431025953,
        "delta_player_minus_b23_mae_case_mean_m": -1.9932575548571028,
        "delta_player_minus_b28_mae_case_mean_m": -0.44529756957651306,
        "win_rate_vs_b23": 0.6052631578947368,
        "win_rate_vs_b28": 0.5789473684210527
      },
      "16": {
        "case_count": 38,
        "missing_points_total": 3051,
        "player_mae_case_mean_m": 135.6260080171818,
        "player_rmse_case_mean_m": 174.8999689184941,
        "b23_mae_case_mean_m": 149.58746895569962,