{
  "1/8": {
    "count": 1092547,
    "mae": 81.67682706476671,
    "rmse": 109.23717670115519,
    "p75": 113.15381802597727,
    "p95": 220.28096546431937,
    "topology_violation_rate": 0.04086666666666667,
    "topology_violation_count": 1226,
    "topology_eval_points": 30000,
    "topology_total_missing_points": 1092547,
    "topology_nearest_road_mean_m": 5.566815828552276,
    "topology_nearest_road_p95_m": 31.030497994590085,
    "topology_violation_threshold_m": 35.0
  },
  "1/16": {
    "count": 1170232,
    "mae": 142.55844058667563,
    "rmse": 192.402590551727,
    "p75": 196.38908586936606,
    "p95": 393.4448409685639,
    "topology_violation_rate": 0.10203333333333334,
    "topology_violation_count": 3061,
    "topology_eval_points": 30000,
    "topology_total_missing_points": 1170232,
    "topology_nearest_road_mean_m": 10.541511269791854,
    "topology_nearest_road_p95_m": 52.39551147608148,
    "topology_violation_threshold_m": 35.0
  }
}