{
  "1/8": {
    "count": 1092547,
    "mae": 84.19531153388252,
    "rmse": 112.87685835157554,
    "p75": 116.34235966460736,
    "p95": 229.36109727759023,
    "topology_violation_rate": 0.03303333333333333,
    "topology_violation_count": 991,
    "topology_eval_points": 30000,
    "topology_total_missing_points": 1092547,
    "topology_nearest_road_mean_m": 5.786468758891864,
    "topology_nearest_road_p95_m": 26.608420292955728,
    "topology_violation_threshold_m": 35.0
  },
  "1/16": {
    "count": 1170232,
    "mae": 147.4253390527389,
    "rmse": 200.76443046284285,
    "p75": 202.9288382778249,
    "p95": 412.98671206230307,
    "topology_violation_rate": 0.07356666666666667,
    "topology_violation_count": 2207,
    "topology_eval_points": 30000,
    "topology_total_missing_points": 1170232,
    "topology_nearest_road_mean_m": 9.946428373982247,
    "topology_nearest_road_p95_m": 43.399790728091546,
    "topology_violation_threshold_m": 35.0
  }
}