{
  "traj_id": 90,
  "missing_count": 52,
  "player": {
    "count": 37,
    "total_missing": 52,
    "evaluated_missing": 37,
    "unfilled_missing": 15,
    "mae": 362.8481726735272,
    "rmse": 556.1487223502119,
    "p75": 288.9864613807567,
    "p95": 1416.2825867724584
  },
  "baseline23_e5": {
    "count": 52,
    "total_missing": 52,
    "evaluated_missing": 52,
    "unfilled_missing": 0,
    "mae": 198.16623661259226,
    "rmse": 274.58948707513406,
    "p75": 359.7213779533191,
    "p95": 531.8162107492324
  },
  "baseline28_turncurve": {
    "count": 52,
    "total_missing": 52,
    "evaluated_missing": 52,
    "unfilled_missing": 0,
    "mae": 231.28293532247375,
    "rmse": 334.36608347431525,
    "p75": 319.69648203679424,
    "p95": 763.4002471862801
  },
  "delta_player_vs_b23_mae": 164.68193606093493,
  "delta_player_vs_b28_mae": 131.56523735105344,
  "gap_metrics": [
    {
      "gap_index": 0,
      "start_idx": 0,
      "end_idx": 16,
      "missing_count": 15,
      "delta_t_sec": 246.0,
      "mae_player": 623.2234768708763,
      "mae_b23": 326.3902495249066,
      "mae_b28": 506.6836571220032
    },
    {
      "gap_index": 1,
      "start_idx": 16,
      "end_idx": 32,
      "missing_count": 15,
      "delta_t_sec": 264.0,
      "mae_player": 191.028853132459,
      "mae_b23": 297.46962262717807,
      "mae_b28": 226.93064707811072
    },
    {
      "gap_index": 2,
      "start_idx": 32,
      "end_idx": 48,
      "missing_count": 15,
      "delta_t_sec": 246.0,
      "mae_player": NaN,
      "mae_b23": 33.429904747442976,
      "mae_b28": 41.20653944103821
    },
    {
      "gap_index": 3,
      "start_idx": 48,
      "end_idx": 56,
      "missing_count": 7,
      "delta_t_sec": 128.0,
      "mae_player": 173.08534841006858,
      "mae_b23": 63.613950051697664,
      "mae_b28": 57.77142602162194
    }
  ],
  "completion": {
    "total_missing": 52,
    "filled_missing": 37,
    "unfilled_missing": 15
  },
  "is_complete": false
}