{
  "metric_mode": "point_to_polyline_nearest_distance_m",
  "overall": {
    "case_count": 76,
    "missing_points_total": 5481,
    "player_mae_case_mean_m": 18.79065937960224,
    "player_rmse_case_mean_m": 40.16754069095413,
    "b23_mae_case_mean_m": 30.16240154269159,
    "b23_rmse_case_mean_m": 59.08045146428106,
    "b28_mae_case_mean_m": 26.927072098276902,
    "b28_rmse_case_mean_m": 52.418553930507684,
    "player_mae_weighted_m": 20.329504430352884,
    "player_rmse_weighted_m": 58.336662807912745,
    "b23_mae_weighted_m": 30.813329766722706,
    "b23_rmse_weighted_m": 76.38796314762432,
    "b28_mae_weighted_m": 27.190859630764958,
    "b28_rmse_weighted_m": 65.83669061276855,
    "delta_player_minus_b23_mae_case_mean_m": -11.371742163089356,
    "delta_player_minus_b28_mae_case_mean_m": -8.136412718674666,
    "win_rate_vs_b23": 0.7631578947368421,
    "win_rate_vs_b28": 0.7105263157894737
  },
  "by_dataset": {
    "8": {
      "case_count": 38,
      "missing_points_total": 2430,
      "player_mae_case_mean_m": 13.798674250718648,
      "player_rmse_case_mean_m": 31.5827743324675,
      "b23_mae_case_mean_m": 20.210995333639104,
      "b23_rmse_case_mean_m": 41.037969304970304,
      "b28_mae_case_mean_m": 19.45300719715481,
      "b28_rmse_case_mean_m": 38.891596982377706,
      "player_mae_weighted_m": 13.858939880314262,
      "player_rmse_weighted_m": 42.2926585163297,
      "b23_mae_weighted_m": 19.121696928586235,
      "b23_rmse_weighted_m": 47.689954224040456,
      "b28_mae_weighted_m": 18.382997664371192,
      "b28_rmse_weighted_m": 43.965625960387555,
      "delta_player_minus_b23_mae_case_mean_m": -6.41232108292046,
      "delta_player_minus_b28_mae_case_mean_m": -5.654332946436159,
      "win_rate_vs_b23": 0.8157894736842105,
      "win_rate_vs_b28": 0.7894736842105263
    },
    "16": {
      "case_count": 38,
      "missing_points_total": 3051,
      "player_mae_case_mean_m": 23.782644508485827,
      "player_rmse_case_mean_m": 48.75230704944077,
      "b23_mae_case_mean_m": 40.1138077517441,
      "b23_rmse_case_mean_m": 77.12293362359182,
      "b28_mae_case_mean_m": 34.40113699939901,
      "b28_rmse_case_mean_m": 65.94551087863768,
      "player_mae_weighted_m": 25.48305141710932,
      "player_rmse_weighted_m": 68.47663107624638,
      "b23_mae_weighted_m": 40.12524972630041,
      "b23_rmse_weighted_m": 93.11899749425649,
      "b28_mae_weighted_m": 34.20597093143257,
      "b28_rmse_weighted_m": 79.03900189442837,
      "delta_player_minus_b23_mae_case_mean_m": -16.33116324325826,
      "delta_player_minus_b28_mae_case_mean_m": -10.618492490913175,
      "win_rate_vs_b23": 0.7105263157894737,
      "win_rate_vs_b28": 0.631578947368421
    }
  },
  "session_dir_8": "task_A_recovery/game_outputs/player_study_20260420_220213_r8",
  "session_dir_16": "task_A_recovery/game_outputs/player_study_20260420_224456_r16"
}