{
  "traj_id": 14106,
  "missing_count": 46,
  "player": {
    "count": 45,
    "total_missing": 46,
    "evaluated_missing": 45,
    "unfilled_missing": 1,
    "mae": 113.13764501180988,
    "rmse": 137.48576168957572,
    "p75": 163.3410125984678,
    "p95": 256.74226852310073
  },
  "baseline23_e5": {
    "count": 46,
    "total_missing": 46,
    "evaluated_missing": 46,
    "unfilled_missing": 0,
    "mae": 105.78329700005948,
    "rmse": 128.47195616669586,
    "p75": 150.53540712173796,
    "p95": 240.59158787891607
  },
  "baseline28_turncurve": {
    "count": 46,
    "total_missing": 46,
    "evaluated_missing": 46,
    "unfilled_missing": 0,
    "mae": 107.1852379192198,
    "rmse": 130.1065581799371,
    "p75": 150.50837222330173,
    "p95": 251.2194895831685
  },
  "delta_player_vs_b23_mae": 7.354348011750403,
  "delta_player_vs_b28_mae": 5.952407092590079,
  "gap_metrics": [
    {
      "gap_index": 0,
      "start_idx": 0,
      "end_idx": 16,
      "missing_count": 15,
      "delta_t_sec": 249.0,
      "mae_player": 80.02904548693267,
      "mae_b23": 142.90961382926528,
      "mae_b28": 142.72067763533494
    },
    {
      "gap_index": 1,
      "start_idx": 16,
      "end_idx": 32,
      "missing_count": 15,
      "delta_t_sec": 246.0,
      "mae_player": 171.24247568725812,
      "mae_b23": 134.78271574251517,
      "mae_b28": 135.9694898564796
    },
    {
      "gap_index": 2,
      "start_idx": 32,
      "end_idx": 48,
      "missing_count": 15,
      "delta_t_sec": 246.0,
      "mae_player": 88.14141386123885,
      "mae_b23": 45.77542521984348,
      "mae_b28": 49.045226942477434
    },
    {
      "gap_index": 3,
      "start_idx": 48,
      "end_idx": 50,
      "missing_count": 1,
      "delta_t_sec": 27.0,
      "mae_player": NaN,
      "mae_b23": 14.015340128377598,
      "mae_b28": 14.490027769729325
    }
  ],
  "completion": {
    "total_missing": 46,
    "filled_missing": 45,
    "unfilled_missing": 1
  },
  "is_complete": false
}