{
  "global": {
    "count": 16582,
    "mae": 16.3876150577312,
    "rmse": 25.48436715760524,
    "mape": 1.410488988739928
  },
  "buckets": {
    "short_le_10m": {
      "count": 0,
      "mae": NaN,
      "rmse": NaN,
      "mape": NaN
    },
    "medium_10m_30m": {
      "count": 15261,
      "mae": 15.50134626829544,
      "rmse": 22.834003143161908,
      "mape": 1.427023345605858
    },
    "long_gt_30m": {
      "count": 1321,
      "mae": 26.626334206542044,
      "rmse": 46.13995111371613,
      "mape": 1.2194739848557758
    }
  }
}