{
  "train": {
    "base1": {
      "count": 132657,
      "mae": 15.675169053220202,
      "rmse": 23.47213504597161,
      "mape": 1.3564136628138481,
      "bias": -0.36412013646059016
    },
    "base2": {
      "count": 132657,
      "mae": 15.675232550445509,
      "rmse": 23.421123624140254,
      "mape": 1.356660331667094,
      "bias": -0.30688037658396927
    },
    "resid_path": {
      "count": 132657,
      "mae": 15.530643911305,
      "rmse": 23.07423312834111,
      "mape": 1.3475556781728473,
      "bias": 0.018943104523354713
    },
    "final": {
      "count": 132657,
      "mae": 15.57246217442313,
      "rmse": 23.196930490400547,
      "mape": 1.3498141463793316,
      "bias": -0.13582304900262385
    }
  },
  "val": {
    "base1": {
      "count": 16582,
      "mae": 16.3876150577312,
      "rmse": 25.48436715760524,
      "mape": 1.410488988739928,
      "bias": -0.3975223154832156
    },
    "base2": {
      "count": 16582,
      "mae": 16.406431404730128,
      "rmse": 25.515705412884035,
      "mape": 1.412138060416165,
      "bias": -0.3151496449679392
    },
    "resid_path": {
      "count": 16582,
      "mae": 16.39287928924207,
      "rmse": 25.381340599665805,
      "mape": 1.4121682207623563,
      "bias": -0.013062265836645843
    },
    "final": {
      "count": 16582,
      "mae": 16.374663005621276,
      "rmse": 25.408018845648012,
      "mape": 1.410229931418416,
      "bias": -0.1565537709240106
    }
  },
  "selected": {
    "mode": "blend",
    "w_resid": 0.525,
    "selected_metrics": {
      "count": 16582,
      "mae": 16.374663005621276,
      "rmse": 25.408018845648012,
      "mape": 1.410229931418416,
      "bias": -0.1565537709240106
    },
    "best_candidate": {
      "w_resid": 0.525,
      "metrics": {
        "count": 16582,
        "mae": 16.374663005621276,
        "rmse": 25.408018845648012,
        "mape": 1.410229931418416,
        "bias": -0.1565537709240106
      }
    }
  },
  "train_dataset": {
    "total": 132657,
    "used": 132657,
    "drop_invalid_tt": 0,
    "drop_tt_range": 0,
    "drop_speed_range": 0,
    "drop_short_coords": 0
  },
  "baseline_reference": {
    "mae": 16.3876150577312,
    "rmse": 25.48436715760524,
    "mape": 1.410488988739928
  }
}