{
  "dataset_stats": {
    "total": 132657,
    "used": 132657,
    "drop_invalid_tt": 0,
    "drop_tt_range": 0,
    "drop_speed_range": 0,
    "drop_short_coords": 0
  },
  "train": {
    "count": 132657,
    "mae": 15.675169053220202,
    "rmse": 23.47213504597161,
    "mape": 1.3564136628138481
  },
  "train_buckets": {
    "short_le_10m": {
      "count": 0,
      "mae": NaN,
      "rmse": NaN,
      "mape": NaN
    },
    "medium_10m_30m": {
      "count": 122331,
      "mae": 14.89333390309364,
      "rmse": 21.72123830340754,
      "mape": 1.3733520172953513
    },
    "long_gt_30m": {
      "count": 10326,
      "mae": 24.937485124315707,
      "rmse": 38.579437029604044,
      "mape": 1.155746817755085
    }
  },
  "val": {
    "count": 16582,
    "mae": 16.3876150577312,
    "rmse": 25.48436715760524,
    "mape": 1.410488988739928
  },
  "val_buckets": {
    "short_le_10m": {
      "count": 0,
      "mae": NaN,
      "rmse": NaN,
      "mape": NaN
    },
    "medium_10m_30m": {
      "count": 15261,
      "mae": 15.50134626829544,
      "rmse": 22.834003143161908,
      "mape": 1.427023345605858
    },
    "long_gt_30m": {
      "count": 1321,
      "mae": 26.626334206542044,
      "rmse": 46.13995111371613,
      "mape": 1.2194739848557758
    }
  }
}